item,itemLabel,praenomenLabel,nomenLabel,cognomenLabel,gensLabel,sexeLabel,date_naissance,lieu_naissance,date_mort,lieu_mort,pere,mere
http://www.wikidata.org/entity/Q2531620,Pamprépios,,,,,masculin,0440-09-29T00:00:00Z,http://www.wikidata.org/entity/Q340572,0484-11-01T00:00:00Z,http://www.wikidata.org/entity/Q3894916,,
http://www.wikidata.org/entity/Q2595580,Abudimus,,,,,masculin,0201-01-01T00:00:00Z,http://www.wikidata.org/entity/Q211817,0305-01-01T00:00:00Z,http://www.wikidata.org/entity/Q211817,,
http://www.wikidata.org/entity/Q2628084,Caprais d'Agen,,,,,masculin,0250-01-01T00:00:00Z,http://www.wikidata.org/entity/Q6625,0303-01-01T00:00:00Z,http://www.wikidata.org/entity/Q6625,,
http://www.wikidata.org/entity/Q2661056,Rufius Antonius Agrypnius Volusianus,,Antonius,,Antonii,masculin,0370-01-01T00:00:00Z,http://www.wikidata.org/entity/Q220,0437-01-01T00:00:00Z,http://www.wikidata.org/entity/Q16869,http://www.wikidata.org/entity/Q3625256,
http://www.wikidata.org/entity/Q2661056,Rufius Antonius Agrypnius Volusianus,,Rufius,,Antonii,masculin,0370-01-01T00:00:00Z,http://www.wikidata.org/entity/Q220,0437-01-01T00:00:00Z,http://www.wikidata.org/entity/Q16869,http://www.wikidata.org/entity/Q3625256,
http://www.wikidata.org/entity/Q2661056,Rufius Antonius Agrypnius Volusianus,,Antonius,,Rufii,masculin,0370-01-01T00:00:00Z,http://www.wikidata.org/entity/Q220,0437-01-01T00:00:00Z,http://www.wikidata.org/entity/Q16869,http://www.wikidata.org/entity/Q3625256,
http://www.wikidata.org/entity/Q2661056,Rufius Antonius Agrypnius Volusianus,,Rufius,,Rufii,masculin,0370-01-01T00:00:00Z,http://www.wikidata.org/entity/Q220,0437-01-01T00:00:00Z,http://www.wikidata.org/entity/Q16869,http://www.wikidata.org/entity/Q3625256,
http://www.wikidata.org/entity/Q2664676,Nicaise,,,,,masculin,0301-01-01T00:00:00Z,http://www.wikidata.org/entity/Q41876,0407-01-01T00:00:00Z,http://www.wikidata.org/entity/Q41876,,
http://www.wikidata.org/entity/Q2664676,Nicaise,,,,,masculin,0350-01-01T00:00:00Z,http://www.wikidata.org/entity/Q41876,0407-01-01T00:00:00Z,http://www.wikidata.org/entity/Q41876,,
http://www.wikidata.org/entity/Q2696736,Aristaenetus,,,,,masculin,0364-01-01T00:00:00Z,http://www.wikidata.org/entity/Q622032,t2265827687,,http://www.wikidata.org/entity/Q25443401,http://www.wikidata.org/entity/Q25443395
http://www.wikidata.org/entity/Q2894170,Schenute,,,,,masculin,0301-01-01T00:00:00Z,,0401-01-01T00:00:00Z,,,
http://www.wikidata.org/entity/Q3394405,Synclética d'Alexandrie,,,,,féminin,0201-01-01T00:00:00Z,http://www.wikidata.org/entity/Q87,0400-01-01T00:00:00Z,,,
http://www.wikidata.org/entity/Q3606884,Agrippinus,t2268785766,t2268785765,Agrippinus,t2268785764,masculin,0450-01-01T00:00:00Z,http://www.wikidata.org/entity/Q38060,,,,
http://www.wikidata.org/entity/Q3617459,Anicius Acilius Glabrio Faustus,,Acilius,,Acilii,masculin,0350-01-01T00:00:00Z,,t2266626867,,,
http://www.wikidata.org/entity/Q3617461,Anicius Probus Faustus,t1950229505,Anicius,Probus,Anicii,masculin,0401-01-01T00:00:00Z,,0600-01-01T00:00:00Z,,,
http://www.wikidata.org/entity/Q3617461,Anicius Probus Faustus,t1950229505,Anicius,Faustus,Anicii,masculin,0401-01-01T00:00:00Z,,0600-01-01T00:00:00Z,,,
http://www.wikidata.org/entity/Q3617461,Anicius Probus Faustus,t1950229505,Anicius,Probus,Anicii,masculin,0450-01-01T00:00:00Z,,0600-01-01T00:00:00Z,,,
http://www.wikidata.org/entity/Q3617461,Anicius Probus Faustus,t1950229505,Anicius,Faustus,Anicii,masculin,0450-01-01T00:00:00Z,,0600-01-01T00:00:00Z,,,
http://www.wikidata.org/entity/Q3620908,Appius Nicomachus Dexter,t1950229450,Appius,Nicomachus,Appii,masculin,,,,,,
http://www.wikidata.org/entity/Q3620908,Appius Nicomachus Dexter,t1950229450,Appius,Dexter,Appii,masculin,,,,,,
http://www.wikidata.org/entity/Q3627552,Astyrius,,Flavius,,Flavii,masculin,0450-01-01T00:00:00Z,,,,,
http://www.wikidata.org/entity/Q3629319,Attius Insteius Tertullus,t1410793136,Attius,,Attii,masculin,0201-01-01T00:00:00Z,,0301-01-01T00:00:00Z,,,
http://www.wikidata.org/entity/Q3629319,Attius Insteius Tertullus,t1410793136,Insteius,,Attii,masculin,0201-01-01T00:00:00Z,,0301-01-01T00:00:00Z,,,
http://www.wikidata.org/entity/Q3629319,Attius Insteius Tertullus,t1410793136,Attius,,Insteii,masculin,0201-01-01T00:00:00Z,,0301-01-01T00:00:00Z,,,
http://www.wikidata.org/entity/Q3629319,Attius Insteius Tertullus,t1410793136,Insteius,,Insteii,masculin,0201-01-01T00:00:00Z,,0301-01-01T00:00:00Z,,,
http://www.wikidata.org/entity/Q3655701,Flavius Constantinus,,Flavius,,Flavii,masculin,0450-01-01T00:00:00Z,http://www.wikidata.org/entity/Q849709,,,,
http://www.wikidata.org/entity/Q3655706,Lucius Valerius Septimius Bassus,Lucius,Septimius,,Septimii,masculin,0328-01-01T00:00:00Z,,,,http://www.wikidata.org/entity/Q1226341,
http://www.wikidata.org/entity/Q3655740,Nicomachus Flavianus le Jeune,t25596513,t25596510,Flavianus,t25596518,masculin,0350-01-01T00:00:00Z,,,,,
http://www.wikidata.org/entity/Q3655740,Nicomachus Flavianus le Jeune,t25596513,t25596510,Nicomachus,t25596518,masculin,0350-01-01T00:00:00Z,,,,,
http://www.wikidata.org/entity/Q3655824,Lucius Caesonius Ovinius Rufinius Manlius Bassus,Lucius,Manlius,Bassus,Caesonii,masculin,0220-01-01T00:00:00Z,,0300-01-01T00:00:00Z,,http://www.wikidata.org/entity/Q1873549,
http://www.wikidata.org/entity/Q3655824,Lucius Caesonius Ovinius Rufinius Manlius Bassus,Lucius,Caesonius,Bassus,Caesonii,masculin,0220-01-01T00:00:00Z,,0300-01-01T00:00:00Z,,http://www.wikidata.org/entity/Q1873549,
http://www.wikidata.org/entity/Q3655824,Lucius Caesonius Ovinius Rufinius Manlius Bassus,Lucius,Ovinius,Bassus,Caesonii,masculin,0220-01-01T00:00:00Z,,0300-01-01T00:00:00Z,,http://www.wikidata.org/entity/Q1873549,
http://www.wikidata.org/entity/Q3655908,Severinus iunior,,,,,masculin,0450-01-01T00:00:00Z,,,,,
http://www.wikidata.org/entity/Q3655916,Paulinus,,Flavius,,Flavii,masculin,0498-01-01T00:00:00Z,,0511-01-01T00:00:00Z,,,
http://www.wikidata.org/entity/Q3656011,Dioscorus,,Flavius,,Flavii,masculin,0400-01-01T00:00:00Z,,,,,
http://www.wikidata.org/entity/Q3723654,Helpidius,,,,,masculin,,,,,,
http://www.wikidata.org/entity/Q3734999,Eusebius,,Flavius,,Flavii,masculin,0401-01-01T00:00:00Z,,,,,
http://www.wikidata.org/entity/Q3746492,Flavius Leontius,,,,,masculin,,,,,,
http://www.wikidata.org/entity/Q3746511,Flavius Petrus,,Flavius,,Flavii,masculin,0450-01-01T00:00:00Z,,,,,
http://www.wikidata.org/entity/Q3754798,Furius Maecius Gracchus,t2276435878,Furius,Gracchus,Furii,masculin,,,,,,
http://www.wikidata.org/entity/Q3754798,Furius Maecius Gracchus,t2276435878,Maecius,Gracchus,Furii,masculin,,,,,,
http://www.wikidata.org/entity/Q3754798,Furius Maecius Gracchus,t2276435878,Furius,Gracchus,Maecii,masculin,,,,,,
http://www.wikidata.org/entity/Q3754798,Furius Maecius Gracchus,t2276435878,Maecius,Gracchus,Maecii,masculin,,,,,,
http://www.wikidata.org/entity/Q3774061,Gracchus,t2276442413,t2276442414,Gracchus,t2276442418,masculin,,,0300-01-01T00:00:00Z,,,
http://www.wikidata.org/entity/Q3854359,Memmius Vitrasius Orfitus,,Memmius,,Memmii,masculin,,,0369-01-01T00:00:00Z,,,
http://www.wikidata.org/entity/Q3905207,Pinianus,t2276680008,t2276680012,Pinianus,t2276680007,masculin,,,,,,
http://www.wikidata.org/entity/Q3922924,Flavius Promotus,,Flavius,,Flavii,masculin,0350-01-01T00:00:00Z,,0392-09-01T00:00:00Z,,,
http://www.wikidata.org/entity/Q3927909,Quintilius Laetus,t2254323955,Quinctilius,Laetus,Quinctilii,masculin,,,,,,
http://www.wikidata.org/entity/Q3981690,Tatianus,,,,,masculin,0350-01-01T00:00:00Z,,,,,
http://www.wikidata.org/entity/Q4007976,Flavius Valila Theodosius,,Flavius,,Flavii,masculin,,,0401-01-01T00:00:00Z,,,
http://www.wikidata.org/entity/Q4011032,Viateur de Lyon,,,,,masculin,0400-01-01T00:00:00Z,http://www.wikidata.org/entity/Q456,0390-01-01T00:00:00Z,http://www.wikidata.org/entity/Q79,,
http://www.wikidata.org/entity/Q4147627,Gracchus,t2277145629,t2277145627,Gracchus,t2277145621,masculin,,,,,,
http://www.wikidata.org/entity/Q4534357,Julius Cassius,t2244178531,Julius,,Julii,masculin,,,,,,
http://www.wikidata.org/entity/Q4534357,Julius Cassius,t2244178531,Cassius,,Julii,masculin,,,,,,
http://www.wikidata.org/entity/Q4534357,Julius Cassius,t2244178531,Julius,,Cassii,masculin,,,,,,
http://www.wikidata.org/entity/Q4534357,Julius Cassius,t2244178531,Cassius,,Cassii,masculin,,,,,,
http://www.wikidata.org/entity/Q4663560,Abassad,,,,,masculin,,,,,,
http://www.wikidata.org/entity/Q4685468,Adrian of Batanea,,,,,masculin,0250-01-01T00:00:00Z,http://www.wikidata.org/entity/Q34615,0309-01-01T00:00:00Z,http://www.wikidata.org/entity/Q319242,,
http://www.wikidata.org/entity/Q4764503,Anicius Probus,t869677923,Anicius,Probus,Anicii,masculin,0350-01-01T00:00:00Z,,,,http://www.wikidata.org/entity/Q1372249,
http://www.wikidata.org/entity/Q5518809,Galla of Rome,,,,,féminin,,,0550-01-01T00:00:00Z,http://www.wikidata.org/entity/Q220,,
http://www.wikidata.org/entity/Q7089017,Olympias,,,,,féminin,0350-01-01T00:00:00Z,,,,,
http://www.wikidata.org/entity/Q7428319,Savinian and Potentian,,,,,,,,0390-01-01T00:00:00Z,,,
http://www.wikidata.org/entity/Q7911423,Valerius Adelphius Bassus,t2280550774,Valerius,Bassus,Valerii,masculin,0360-01-01T00:00:00Z,,0383-01-01T00:00:00Z,,http://www.wikidata.org/entity/Q3655706,
http://www.wikidata.org/entity/Q7911423,Valerius Adelphius Bassus,t2280550774,Valerius,Adelphius,Valerii,masculin,0360-01-01T00:00:00Z,,0383-01-01T00:00:00Z,,http://www.wikidata.org/entity/Q3655706,
http://www.wikidata.org/entity/Q11085604,Aquila et Priscille,,,,,,,,0101-01-01T00:00:00Z,,,
http://www.wikidata.org/entity/Q11922185,Flavianus,t611254962,t611255227,Flavianus,t611254972,masculin,,,,,,
http://www.wikidata.org/entity/Q12271293,Aquilia Blaesilla,,Aquillia,,Aquillii,féminin,,,,,,
http://www.wikidata.org/entity/Q12272063,Anicia Proba,,Anicia,Probus,Anicii,féminin,,,,,http://www.wikidata.org/entity/Q1542092,http://www.wikidata.org/entity/Q1154373
http://www.wikidata.org/entity/Q12275218,Vibia Galla,,Vibia,Galla,Vibii,féminin,,,,,http://www.wikidata.org/entity/Q171023,http://www.wikidata.org/entity/Q383304
http://www.wikidata.org/entity/Q12276089,Galla,,,,,féminin,,,,,http://www.wikidata.org/entity/Q355720,http://www.wikidata.org/entity/Q12292735
http://www.wikidata.org/entity/Q12283734,Cornelia Marullina,,Cornelia,,Cornelii,féminin,,,,,,
http://www.wikidata.org/entity/Q12291762,Pupiena Sextia Paulina Cethegilla,,Sextia,Paulina,Pupieni,féminin,,,,,http://www.wikidata.org/entity/Q1233605,http://www.wikidata.org/entity/Q12283734
http://www.wikidata.org/entity/Q12291762,Pupiena Sextia Paulina Cethegilla,,Pupiena,Paulina,Pupieni,féminin,,,,,http://www.wikidata.org/entity/Q1233605,http://www.wikidata.org/entity/Q12283734
http://www.wikidata.org/entity/Q12291762,Pupiena Sextia Paulina Cethegilla,,Sextia,Cethegilla,Pupieni,féminin,,,,,http://www.wikidata.org/entity/Q1233605,http://www.wikidata.org/entity/Q12283734
http://www.wikidata.org/entity/Q12291762,Pupiena Sextia Paulina Cethegilla,,Pupiena,Cethegilla,Pupieni,féminin,,,,,http://www.wikidata.org/entity/Q1233605,http://www.wikidata.org/entity/Q12283734
http://www.wikidata.org/entity/Q12293587,Septimia Octavilla,,Septimia,,Septimii,féminin,,,,,http://www.wikidata.org/entity/Q1236655,http://www.wikidata.org/entity/Q12297788
http://www.wikidata.org/entity/Q16556465,Fonteius,,,,,masculin,0201-01-01T00:00:00Z,,0400-01-01T00:00:00Z,,,
http://www.wikidata.org/entity/Q16679104,Tarrutenius Maximilianus,,,,,masculin,0350-01-01T00:00:00Z,,,,http://www.wikidata.org/entity/Q24021132,
http://www.wikidata.org/entity/Q16854011,Probus,t344220392,t344220421,Probus,t344220425,masculin,0420-01-01T00:00:00Z,,,,http://www.wikidata.org/entity/Q641216,
http://www.wikidata.org/entity/Q17979325,Abundius and Abundantius,,,,,,,,,,,
http://www.wikidata.org/entity/Q18816895,Proculus,Proculus,,,,masculin,,,,,,
http://www.wikidata.org/entity/Q20101888,Sulpicius Lupercus Servasius Junior,,,,,masculin,,,,,,
http://www.wikidata.org/entity/Q21234348,Junius Valerius Bellicius,,,,,masculin,,,,,,
http://www.wikidata.org/entity/Q21235391,Furius Claudius Togius Quintillus,t2254442777,Claudius,Quintillus,Furii,masculin,,,,,,
http://www.wikidata.org/entity/Q21235391,Furius Claudius Togius Quintillus,t2254442777,Furius,Quintillus,Furii,masculin,,,,,,
http://www.wikidata.org/entity/Q21235391,Furius Claudius Togius Quintillus,t2254442777,Togius,Quintillus,Furii,masculin,,,,,,
http://www.wikidata.org/entity/Q21235391,Furius Claudius Togius Quintillus,t2254442777,Claudius,Quintillus,Claudii,masculin,,,,,,
http://www.wikidata.org/entity/Q21235391,Furius Claudius Togius Quintillus,t2254442777,Furius,Quintillus,Claudii,masculin,,,,,,
http://www.wikidata.org/entity/Q21235391,Furius Claudius Togius Quintillus,t2254442777,Togius,Quintillus,Claudii,masculin,,,,,,
http://www.wikidata.org/entity/Q21235391,Furius Claudius Togius Quintillus,t2254442777,Claudius,Quintillus,Togii,masculin,,,,,,
http://www.wikidata.org/entity/Q21235391,Furius Claudius Togius Quintillus,t2254442777,Furius,Quintillus,Togii,masculin,,,,,,
http://www.wikidata.org/entity/Q21235391,Furius Claudius Togius Quintillus,t2254442777,Togius,Quintillus,Togii,masculin,,,,,,
http://www.wikidata.org/entity/Q24934872,Flavius Plintha,,Flavius,,Flavii,masculin,0350-01-01T00:00:00Z,,,,,
http://www.wikidata.org/entity/Q24935234,Rufius Aggerius Festus,t1457392867,Rufius,Festus,Rufii,masculin,0450-01-01T00:00:00Z,,,,http://www.wikidata.org/entity/Q3942350,
http://www.wikidata.org/entity/Q24951270,Postumius Rufius Festus Avienus,t361491183,Postumius,Festus,Postumii,masculin,0350-01-01T00:00:00Z,,,,,
http://www.wikidata.org/entity/Q24951270,Postumius Rufius Festus Avienus,t361491183,Rufius,Festus,Postumii,masculin,0350-01-01T00:00:00Z,,,,,
http://www.wikidata.org/entity/Q24951270,Postumius Rufius Festus Avienus,t361491183,Postumius,Festus,Rufii,masculin,0350-01-01T00:00:00Z,,,,,
http://www.wikidata.org/entity/Q24951270,Postumius Rufius Festus Avienus,t361491183,Rufius,Festus,Rufii,masculin,0350-01-01T00:00:00Z,,,,,
http://www.wikidata.org/entity/Q25345215,Palmatius,,,,,masculin,,,0287-01-01T00:00:00Z,http://www.wikidata.org/entity/Q3138,,
http://www.wikidata.org/entity/Q25422962,Pomponia Urbica,,,,,féminin,,,,,,
http://www.wikidata.org/entity/Q637561,Flavius Optatus,,Flavius,,Flavii,masculin,0250-01-01T00:00:00Z,,0337-01-01T00:00:00Z,,,
http://www.wikidata.org/entity/Q637762,Publius Catius Sabinus,Publius,Catius,,Catii,masculin,0200-01-01T00:00:00Z,,0300-01-01T00:00:00Z,,,
http://www.wikidata.org/entity/Q639688,Mérobaud,,Flavius,,Flavii,masculin,0400-01-01T00:00:00Z,,0388-01-01T00:00:00Z,http://www.wikidata.org/entity/Q3138,,
http://www.wikidata.org/entity/Q640778,Pomponius Bassus,,Pomponius,,Pomponii,masculin,0300-01-01T00:00:00Z,,,,http://www.wikidata.org/entity/Q1227338,http://www.wikidata.org/entity/Q241466
http://www.wikidata.org/entity/Q641216,Flavius Magnus,,Flavius,,Flavii,masculin,0390-01-01T00:00:00Z,http://www.wikidata.org/entity/Q6555,0475-01-01T00:00:00Z,,,
http://www.wikidata.org/entity/Q641216,Flavius Magnus,,Flavius,,Flavii,masculin,0405-01-01T00:00:00Z,http://www.wikidata.org/entity/Q6555,0475-01-01T00:00:00Z,,,
http://www.wikidata.org/entity/Q642711,Dagalaiphus,,,,,masculin,0400-01-01T00:00:00Z,,,,,
http://www.wikidata.org/entity/Q649960,Claudius Mamertinus,t2275727341,Claudius,,Claudii,masculin,0301-01-01T00:00:00Z,,0301-01-01T00:00:00Z,,,
http://www.wikidata.org/entity/Q653221,Galla,,,,,féminin,0350-01-01T00:00:00Z,,0301-01-01T00:00:00Z,,,
http://www.wikidata.org/entity/Q654635,Flavius Afranius Syagrius,,Afranius,,Afranii,masculin,0345-01-01T00:00:00Z,,t2263562444,http://www.wikidata.org/entity/Q456,,
http://www.wikidata.org/entity/Q661849,Flavius Claudius Antonius,,Antonius,,Antonii,masculin,0350-01-01T00:00:00Z,,,,,
http://www.wikidata.org/entity/Q663471,Amantius,,Flavius,,Flavii,masculin,0300-01-01T00:00:00Z,,,,,
http://www.wikidata.org/entity/Q668369,Nevitta,,Flavius,,Flavii,masculin,0350-01-01T00:00:00Z,,,,,
http://www.wikidata.org/entity/Q670711,Flavius Arinthaeus,,Flavius,,Flavii,masculin,0355-01-01T00:00:00Z,,0378-01-01T00:00:00Z,,,
http://www.wikidata.org/entity/Q716670,Eusebius,,Flavius,,Flavii,masculin,0350-01-01T00:00:00Z,,,,http://www.wikidata.org/entity/Q715508,
http://www.wikidata.org/entity/Q716679,Manius Acilius Aviola,Manius,,,,masculin,0200-01-01T00:00:00Z,,0300-01-01T00:00:00Z,,,
http://www.wikidata.org/entity/Q716824,Arusianus Messius,,,,,masculin,0400-01-01T00:00:00Z,,,,,
http://www.wikidata.org/entity/Q718532,Hypatius,,Flavius,,Flavii,masculin,0340-01-01T00:00:00Z,http://www.wikidata.org/entity/Q17151,0400-01-01T00:00:00Z,,http://www.wikidata.org/entity/Q715508,
http://www.wikidata.org/entity/Q719004,Paulinus,Marcus,,,,masculin,0300-01-01T00:00:00Z,,,,,
http://www.wikidata.org/entity/Q720511,Caius Maesius Aquilius Fabius Titianus,Caius,Aquillius,Titianus,Fabii,masculin,0250-01-01T00:00:00Z,,0300-01-01T00:00:00Z,,,
http://www.wikidata.org/entity/Q720511,Caius Maesius Aquilius Fabius Titianus,Caius,Fabius,Titianus,Fabii,masculin,0250-01-01T00:00:00Z,,0300-01-01T00:00:00Z,,,
http://www.wikidata.org/entity/Q720511,Caius Maesius Aquilius Fabius Titianus,Caius,Maesius,Titianus,Fabii,masculin,0250-01-01T00:00:00Z,,0300-01-01T00:00:00Z,,,
http://www.wikidata.org/entity/Q720511,Caius Maesius Aquilius Fabius Titianus,Caius,Aquillius,Titianus,Aquillii,masculin,0250-01-01T00:00:00Z,,0300-01-01T00:00:00Z,,,
http://www.wikidata.org/entity/Q720511,Caius Maesius Aquilius Fabius Titianus,Caius,Fabius,Titianus,Aquillii,masculin,0250-01-01T00:00:00Z,,0300-01-01T00:00:00Z,,,
http://www.wikidata.org/entity/Q720511,Caius Maesius Aquilius Fabius Titianus,Caius,Maesius,Titianus,Aquillii,masculin,0250-01-01T00:00:00Z,,0300-01-01T00:00:00Z,,,
http://www.wikidata.org/entity/Q720511,Caius Maesius Aquilius Fabius Titianus,Caius,Aquillius,Titianus,Maesii,masculin,0250-01-01T00:00:00Z,,0300-01-01T00:00:00Z,,,
http://www.wikidata.org/entity/Q720511,Caius Maesius Aquilius Fabius Titianus,Caius,Fabius,Titianus,Maesii,masculin,0250-01-01T00:00:00Z,,0300-01-01T00:00:00Z,,,
http://www.wikidata.org/entity/Q720511,Caius Maesius Aquilius Fabius Titianus,Caius,Maesius,Titianus,Maesii,masculin,0250-01-01T00:00:00Z,,0300-01-01T00:00:00Z,,,
http://www.wikidata.org/entity/Q721703,Rufius Gennadius Probus Orestes,t575504139,Rufius,Orestes,Rufii,masculin,0450-01-01T00:00:00Z,,,,,
http://www.wikidata.org/entity/Q721703,Rufius Gennadius Probus Orestes,t575504139,Rufius,Probus,Rufii,masculin,0450-01-01T00:00:00Z,,,,,
http://www.wikidata.org/entity/Q723472,Anicius Petronius Probinus,,Anicius,,Anicii,masculin,0400-01-01T00:00:00Z,http://www.wikidata.org/entity/Q220,0500-01-01T00:00:00Z,,http://www.wikidata.org/entity/Q1542092,http://www.wikidata.org/entity/Q1154373
http://www.wikidata.org/entity/Q728349,Severinus,,Flavius,,Flavii,masculin,0450-01-01T00:00:00Z,,,,,
http://www.wikidata.org/entity/Q741377,Richomer,,Flavius,,Flavii,masculin,0350-01-01T00:00:00Z,,0393-01-01T00:00:00Z,http://www.wikidata.org/entity/Q16869,,
http://www.wikidata.org/entity/Q746667,Cynegius Maternus,t2275727340,t2275727343,Maternus,t2275727339,masculin,0400-01-01T00:00:00Z,http://www.wikidata.org/entity/Q29,0388-01-01T00:00:00Z,http://www.wikidata.org/entity/Q3820,,
http://www.wikidata.org/entity/Q746667,Cynegius Maternus,t2275727340,t2275727343,Cynegius,t2275727339,masculin,0400-01-01T00:00:00Z,http://www.wikidata.org/entity/Q29,0388-01-01T00:00:00Z,http://www.wikidata.org/entity/Q3820,,
http://www.wikidata.org/entity/Q752057,Paternus,,,,,masculin,0250-01-01T00:00:00Z,,,,,
http://www.wikidata.org/entity/Q782401,Sallustius,,,,Flavii,masculin,0400-01-01T00:00:00Z,,0400-01-01T00:00:00Z,,,
http://www.wikidata.org/entity/Q784701,Chrysanthus,,,,,masculin,,,,http://www.wikidata.org/entity/Q16869,http://www.wikidata.org/entity/Q51883247,
http://www.wikidata.org/entity/Q867765,Sosie de Misène,,,,,masculin,0201-01-01T00:00:00Z,http://www.wikidata.org/entity/Q401231,0305-09-19T00:00:00Z,http://www.wikidata.org/entity/Q72425,,
http://www.wikidata.org/entity/Q867859,Claudia Crispina,,Claudia,Crispina,Claudii,féminin,,,,,,
http://www.wikidata.org/entity/Q878568,Héraclien,,,,,masculin,0370-01-01T00:00:00Z,,0413-03-08T00:00:00Z,http://www.wikidata.org/entity/Q6343,,
http://www.wikidata.org/entity/Q882938,Varronianus,,Flavius,,Flavii,masculin,0363-01-01T00:00:00Z,,0301-01-01T00:00:00Z,,http://www.wikidata.org/entity/Q34074,http://www.wikidata.org/entity/Q1898418
http://www.wikidata.org/entity/Q884910,Candidianus,Caius,Valerius,,Valerii,masculin,0297-01-01T00:00:00Z,http://www.wikidata.org/entity/Q17151,0313-01-01T00:00:00Z,http://www.wikidata.org/entity/Q209349,http://www.wikidata.org/entity/Q172168,http://www.wikidata.org/entity/Q234562
http://www.wikidata.org/entity/Q885087,Romanus,,,,,masculin,0500-01-01T00:00:00Z,,0470-01-01T00:00:00Z,http://www.wikidata.org/entity/Q220,,
http://www.wikidata.org/entity/Q886936,Longinus,t2244265980,Flavius,Longinus,Flavii,masculin,0500-01-01T00:00:00Z,,,,,
http://www.wikidata.org/entity/Q921632,Caecina Decius Basilius,,Decius,,Decii,masculin,0500-01-01T00:00:00Z,,,,,
http://www.wikidata.org/entity/Q927711,Messius Phoebus Severus,,Flavius,,Flavii,masculin,0450-01-01T00:00:00Z,,,,,
http://www.wikidata.org/entity/Q947687,Castinus,,Flavius,,Flavii,masculin,0400-01-01T00:00:00Z,http://www.wikidata.org/entity/Q845909,0420-01-01T00:00:00Z,,,
http://www.wikidata.org/entity/Q957189,Flavius Ablabius,t298675568,t298675608,,t298675602,masculin,0300-01-01T00:00:00Z,http://www.wikidata.org/entity/Q34374,0338-01-01T00:00:00Z,http://www.wikidata.org/entity/Q373189,,
http://www.wikidata.org/entity/Q960953,Flavius Pompeius,,,,,masculin,0450-01-01T00:00:00Z,http://www.wikidata.org/entity/Q16869,0532-01-19T00:00:00Z,http://www.wikidata.org/entity/Q16869,,
http://www.wikidata.org/entity/Q966315,Virius Nicomachus Flavianus,t2284317289,Virius,Flavianus,Virii,masculin,0334-01-01T00:00:00Z,,0394-09-06T00:00:00Z,,,
http://www.wikidata.org/entity/Q966315,Virius Nicomachus Flavianus,t2284317289,Virius,Nicomachus,Virii,masculin,0334-01-01T00:00:00Z,,0394-09-06T00:00:00Z,,,
http://www.wikidata.org/entity/Q966315,Virius Nicomachus Flavianus,t2284317289,Virius,Flavianus,Virii,masculin,0400-01-01T00:00:00Z,,0394-09-06T00:00:00Z,,,
http://www.wikidata.org/entity/Q966315,Virius Nicomachus Flavianus,t2284317289,Virius,Nicomachus,Virii,masculin,0400-01-01T00:00:00Z,,0394-09-06T00:00:00Z,,,
http://www.wikidata.org/entity/Q966315,Virius Nicomachus Flavianus,t2284317289,Virius,Flavianus,Virii,masculin,0334-01-01T00:00:00Z,,t2284317290,,,
http://www.wikidata.org/entity/Q966315,Virius Nicomachus Flavianus,t2284317289,Virius,Nicomachus,Virii,masculin,0334-01-01T00:00:00Z,,t2284317290,,,
http://www.wikidata.org/entity/Q966315,Virius Nicomachus Flavianus,t2284317289,Virius,Flavianus,Virii,masculin,0400-01-01T00:00:00Z,,t2284317290,,,
http://www.wikidata.org/entity/Q966315,Virius Nicomachus Flavianus,t2284317289,Virius,Nicomachus,Virii,masculin,0400-01-01T00:00:00Z,,t2284317290,,,
http://www.wikidata.org/entity/Q972842,Cyrus de Panopolis,,,,,masculin,0400-01-01T00:00:00Z,http://www.wikidata.org/entity/Q340572,0470-01-01T00:00:00Z,,,
http://www.wikidata.org/entity/Q977571,Caprais de Lérins,,,,,masculin,0301-01-01T00:00:00Z,http://www.wikidata.org/entity/Q101081,0430-01-01T00:00:00Z,,,
http://www.wikidata.org/entity/Q982066,Eutharic,,Flavius,,Flavii,masculin,0500-01-01T00:00:00Z,,0522-01-01T00:00:00Z,,http://www.wikidata.org/entity/Q20046237,
http://www.wikidata.org/entity/Q1001940,Flavius Florentius,,Flavius,,Flavii,masculin,0350-01-01T00:00:00Z,,,,,
http://www.wikidata.org/entity/Q1001947,Mallius Theodorus,t2258797722,Mallius,,Mallii,masculin,0350-01-01T00:00:00Z,http://www.wikidata.org/entity/Q729978,,,,
http://www.wikidata.org/entity/Q1025379,Célestius,,,,,masculin,0400-01-01T00:00:00Z,http://www.wikidata.org/entity/Q1438,,http://www.wikidata.org/entity/Q16869,,
http://www.wikidata.org/entity/Q1026534,Fabius Titianus,t2275728366,Fabius,Titianus,Fabii,masculin,0300-01-01T00:00:00Z,,,,,
http://www.wikidata.org/entity/Q1084275,Flavius Timasius,,Flavius,,Flavii,masculin,0350-01-01T00:00:00Z,,0396-01-01T00:00:00Z,,,
http://www.wikidata.org/entity/Q1084333,Flavius Sallustius,,Flavius,,Flavii,masculin,0350-01-01T00:00:00Z,http://www.wikidata.org/entity/Q29,,,,
http://www.wikidata.org/entity/Q1093812,Saint Isidora,,,,,féminin,0301-01-01T00:00:00Z,,0365-01-01T00:00:00Z,,,
http://www.wikidata.org/entity/Q1131137,Marcus Acilius Severus,t2259278466,Acilius,Severus,Acilii,masculin,0250-01-01T00:00:00Z,,0400-01-01T00:00:00Z,,,
http://www.wikidata.org/entity/Q1147581,Aconia Fabia Paulina,,Fabia,Paulina,Fabii,féminin,0350-01-01T00:00:00Z,,0384-01-01T00:00:00Z,,http://www.wikidata.org/entity/Q1542104,
http://www.wikidata.org/entity/Q1158209,Caesarius,,Flavius,,Flavii,masculin,0400-01-01T00:00:00Z,,0500-01-01T00:00:00Z,,,
http://www.wikidata.org/entity/Q1174032,Rufius Achilius Sividius,,,,,masculin,0450-01-01T00:00:00Z,,,,,
http://www.wikidata.org/entity/Q1174041,Marcus Nummius Albinus,Marcus,,,,masculin,0300-01-01T00:00:00Z,,,,,
http://www.wikidata.org/entity/Q1174056,Flavius Ursus,,Flavius,,Flavii,masculin,0300-01-01T00:00:00Z,,,,,
http://www.wikidata.org/entity/Q1174090,Paulus,,,,,masculin,0300-01-01T00:00:00Z,,,,,
http://www.wikidata.org/entity/Q1174096,Anicius Auchenius Bassus,,Anicius,,Anicii,masculin,0400-01-01T00:00:00Z,,,,http://www.wikidata.org/entity/Q2289711,
http://www.wikidata.org/entity/Q1225336,Caius Bruttius Praesens,Caius,Bruttius,Praesens,Bruttii,masculin,0150-01-01T00:00:00Z,,0300-01-01T00:00:00Z,,http://www.wikidata.org/entity/Q728993,
http://www.wikidata.org/entity/Q1225891,Lupicinus,,Flavius,,Flavii,masculin,0350-01-01T00:00:00Z,,,,,
http://www.wikidata.org/entity/Q1226341,Lucius Valerius Maximus Basilius,Lucius,Valerius,,Valerii,masculin,0250-01-01T00:00:00Z,,,,http://www.wikidata.org/entity/Q6915295,
http://www.wikidata.org/entity/Q1227227,Domitius Modestus,t2259670220,Domitius,Modestus,Domitii,masculin,0350-01-01T00:00:00Z,,,,,
http://www.wikidata.org/entity/Q1229801,Neratius Cerealis,t2275729014,Neratius,,Neratii,masculin,0350-01-01T00:00:00Z,,,,,
http://www.wikidata.org/entity/Q1230865,Saturninus,,Flavius,,Flavii,masculin,0350-01-01T00:00:00Z,,,,,
http://www.wikidata.org/entity/Q1232892,Gaius Ceionius Rufius Volusianus,Caius,Ceionius,,Ceionii,masculin,0247-01-01T00:00:00Z,,0330-01-01T00:00:00Z,,,
http://www.wikidata.org/entity/Q1233605,Marcus Pupienus Africanus,Marcus,,,,masculin,0150-01-01T00:00:00Z,,0300-01-01T00:00:00Z,,http://www.wikidata.org/entity/Q1797,
http://www.wikidata.org/entity/Q1239423,Vettius Rufinus,,Vettius,,Vettii,masculin,0300-01-01T00:00:00Z,,0400-01-01T00:00:00Z,,http://www.wikidata.org/entity/Q1131441,
http://www.wikidata.org/entity/Q1241402,Publius Licinius Gallienus,Publius,Licinius,,Licinii,masculin,,,,,,
http://www.wikidata.org/entity/Q1246057,Pierre de Sébaste,,,,,masculin,0345-01-01T00:00:00Z,http://www.wikidata.org/entity/Q48338,0390-01-01T00:00:00Z,http://www.wikidata.org/entity/Q107401,,http://www.wikidata.org/entity/Q2186180
http://www.wikidata.org/entity/Q1258692,Tonantius Ferreolus,,,,,masculin,0440-01-01T00:00:00Z,,0511-01-01T00:00:00Z,,http://www.wikidata.org/entity/Q2585244,http://www.wikidata.org/entity/Q772417
http://www.wikidata.org/entity/Q1260999,Quintus Anicius Faustus,Quintus,Anicius,,Anicii,masculin,0150-01-01T00:00:00Z,,0300-01-01T00:00:00Z,,,
http://www.wikidata.org/entity/Q1268674,Donatus Magnus,,,,,masculin,0250-01-01T00:00:00Z,,0355-01-01T00:00:00Z,,,
http://www.wikidata.org/entity/Q1270236,Anicius Olybrius,,Flavius,,Flavii,masculin,0480-01-01T00:00:00Z,,,,http://www.wikidata.org/entity/Q642469,http://www.wikidata.org/entity/Q260033
http://www.wikidata.org/entity/Q1291369,Áquila de Alexandria,,,,,masculin,0300-01-01T00:00:00Z,http://www.wikidata.org/entity/Q87,0311-01-01T00:00:00Z,http://www.wikidata.org/entity/Q79,,
http://www.wikidata.org/entity/Q1352126,Melitios de Lycopolis,,,,,masculin,0300-01-01T00:00:00Z,,0400-01-01T00:00:00Z,,,
http://www.wikidata.org/entity/Q1372241,Vettius Agorius Basilius Mavortius,,Vettius,,Vettii,masculin,0450-01-01T00:00:00Z,,,,http://www.wikidata.org/entity/Q1131117,
http://www.wikidata.org/entity/Q1372249,Anicius Hermogenianus Olybrius,,Anicius,,Anicii,masculin,0395-01-01T00:00:00Z,,,,http://www.wikidata.org/entity/Q1542092,http://www.wikidata.org/entity/Q1154373
http://www.wikidata.org/entity/Q1382597,Turcius Rufius Apronianus Asterius,t2260515513,Rufius,Apronianus,Rufii,masculin,0500-01-01T00:00:00Z,,,,,
http://www.wikidata.org/entity/Q1382597,Turcius Rufius Apronianus Asterius,t2260515513,Turcius,Apronianus,Rufii,masculin,0500-01-01T00:00:00Z,,,,,
http://www.wikidata.org/entity/Q1382597,Turcius Rufius Apronianus Asterius,t2260515513,Rufius,Apronianus,Turcii,masculin,0500-01-01T00:00:00Z,,,,,
http://www.wikidata.org/entity/Q1382597,Turcius Rufius Apronianus Asterius,t2260515513,Turcius,Apronianus,Turcii,masculin,0500-01-01T00:00:00Z,,,,,
http://www.wikidata.org/entity/Q1410655,Bassus Herculanus,,Flavius,,Flavii,masculin,0450-01-01T00:00:00Z,,,,,
http://www.wikidata.org/entity/Q8413,Constantin Ier,,Valerius,Constantinus,Valerii,masculin,0274-02-27T00:00:00Z,http://www.wikidata.org/entity/Q129259,0337-05-23T00:00:00Z,http://www.wikidata.org/entity/Q209349,http://www.wikidata.org/entity/Q131195,http://www.wikidata.org/entity/Q170164
http://www.wikidata.org/entity/Q18874,Flavius Victor,t2246876453,Flavius,Victor,Flavii,masculin,0350-01-01T00:00:00Z,,0383-01-01T00:00:00Z,,,
http://www.wikidata.org/entity/Q26648,Jean Argyropoulos,,,,,masculin,1415-01-01T00:00:00Z,http://www.wikidata.org/entity/Q16869,1487-07-05T00:00:00Z,http://www.wikidata.org/entity/Q220,,
http://www.wikidata.org/entity/Q26648,Jean Argyropoulos,,,,,masculin,1416-01-01T00:00:00Z,http://www.wikidata.org/entity/Q16869,1487-07-05T00:00:00Z,http://www.wikidata.org/entity/Q220,,
http://www.wikidata.org/entity/Q41613,Constant II,,,,,masculin,0630-11-07T00:00:00Z,http://www.wikidata.org/entity/Q16869,0668-09-15T00:00:00Z,http://www.wikidata.org/entity/Q13670,http://www.wikidata.org/entity/Q41615,http://www.wikidata.org/entity/Q273871
http://www.wikidata.org/entity/Q43107,Dioclétien,Caius,Valerius,,,masculin,0244-12-22T00:00:00Z,http://www.wikidata.org/entity/Q1258998,0311-12-03T00:00:00Z,http://www.wikidata.org/entity/Q1663,,
http://www.wikidata.org/entity/Q43920,Macaire de Scété,,,,,masculin,0300-01-01T00:00:00Z,http://www.wikidata.org/entity/Q203751,0391-01-01T00:00:00Z,http://www.wikidata.org/entity/Q1074945,,
http://www.wikidata.org/entity/Q43920,Macaire de Scété,,,,,masculin,0301-01-01T00:00:00Z,http://www.wikidata.org/entity/Q203751,0391-01-01T00:00:00Z,http://www.wikidata.org/entity/Q1074945,,
http://www.wikidata.org/entity/Q44024,Athanase d'Alexandrie,,,,,masculin,0296-01-01T00:00:00Z,http://www.wikidata.org/entity/Q87,0373-05-03T00:00:00Z,http://www.wikidata.org/entity/Q87,,
http://www.wikidata.org/entity/Q44258,Basile de Césarée,,,,,masculin,0329-01-01T00:00:00Z,http://www.wikidata.org/entity/Q48338,0379-01-01T00:00:00Z,http://www.wikidata.org/entity/Q48338,http://www.wikidata.org/entity/Q1881976,http://www.wikidata.org/entity/Q2186180
http://www.wikidata.org/entity/Q44794,Alexandre d'Alexandrie,,,,,masculin,0250-01-01T00:00:00Z,http://www.wikidata.org/entity/Q11768,0326-04-18T00:00:00Z,http://www.wikidata.org/entity/Q87,,
http://www.wikidata.org/entity/Q44794,Alexandre d'Alexandrie,,,,,masculin,0250-01-01T00:00:00Z,http://www.wikidata.org/entity/Q11768,0328-01-01T00:00:00Z,http://www.wikidata.org/entity/Q87,,
http://www.wikidata.org/entity/Q46696,Théodose Ier,,,,,masculin,0347-01-12T00:00:00Z,http://www.wikidata.org/entity/Q649612,0395-01-18T00:00:00Z,http://www.wikidata.org/entity/Q490,http://www.wikidata.org/entity/Q537126,http://www.wikidata.org/entity/Q56305768
http://www.wikidata.org/entity/Q46696,Théodose Ier,,,,,masculin,0347-01-12T00:00:00Z,http://www.wikidata.org/entity/Q658893,0395-01-18T00:00:00Z,http://www.wikidata.org/entity/Q490,http://www.wikidata.org/entity/Q537126,http://www.wikidata.org/entity/Q56305768
http://www.wikidata.org/entity/Q46768,Maximien Hercule,,,,,masculin,0240-01-01T00:00:00Z,http://www.wikidata.org/entity/Q833060,0310-01-01T00:00:00Z,http://www.wikidata.org/entity/Q23482,,
http://www.wikidata.org/entity/Q46768,Maximien Hercule,,,,,masculin,0250-01-01T00:00:00Z,http://www.wikidata.org/entity/Q833060,0310-01-01T00:00:00Z,http://www.wikidata.org/entity/Q23482,,
http://www.wikidata.org/entity/Q47149,Sylvestre Ier,,,,,masculin,0300-01-01T00:00:00Z,http://www.wikidata.org/entity/Q220,0336-01-01T00:00:00Z,http://www.wikidata.org/entity/Q220,,
http://www.wikidata.org/entity/Q60461,Arcadius of Antioch,,,,,masculin,0401-01-01T00:00:00Z,http://www.wikidata.org/entity/Q200441,0500-01-01T00:00:00Z,,,
http://www.wikidata.org/entity/Q82339,Clovis Ier,,,,,masculin,0466-01-01T00:00:00Z,http://www.wikidata.org/entity/Q173219,0511-11-29T00:00:00Z,http://www.wikidata.org/entity/Q90,http://www.wikidata.org/entity/Q193869,http://www.wikidata.org/entity/Q268562
http://www.wikidata.org/entity/Q105105,Théodoric le Grand,,,,,masculin,0454-05-12T00:00:00Z,http://www.wikidata.org/entity/Q170062,0526-08-30T00:00:00Z,http://www.wikidata.org/entity/Q13364,http://www.wikidata.org/entity/Q334777,http://www.wikidata.org/entity/Q2309988
http://www.wikidata.org/entity/Q107317,Wulfila,,,,,masculin,0310-01-01T00:00:00Z,,0383-01-01T00:00:00Z,http://www.wikidata.org/entity/Q16869,,
http://www.wikidata.org/entity/Q116463,Ecdicius,,,,,masculin,0420-01-01T00:00:00Z,,0470-01-01T00:00:00Z,,http://www.wikidata.org/entity/Q203198,
http://www.wikidata.org/entity/Q130601,Romulus Augustule,,,,,masculin,0460-01-01T00:00:00Z,http://www.wikidata.org/entity/Q13364,0527-01-01T00:00:00Z,http://www.wikidata.org/entity/Q645041,http://www.wikidata.org/entity/Q311149,
http://www.wikidata.org/entity/Q131195,Constance Chlore,t2281048821,Flavius,,Valerii,masculin,0250-03-31T00:00:00Z,http://www.wikidata.org/entity/Q827501,0306-07-26T00:00:00Z,http://www.wikidata.org/entity/Q958954,http://www.wikidata.org/entity/Q1001936,http://www.wikidata.org/entity/Q867859
http://www.wikidata.org/entity/Q131195,Constance Chlore,t2281048821,Valerius,,Valerii,masculin,0250-03-31T00:00:00Z,http://www.wikidata.org/entity/Q827501,0306-07-26T00:00:00Z,http://www.wikidata.org/entity/Q958954,http://www.wikidata.org/entity/Q1001936,http://www.wikidata.org/entity/Q867859
http://www.wikidata.org/entity/Q131195,Constance Chlore,t2281048821,Flavius,,Flavii,masculin,0250-03-31T00:00:00Z,http://www.wikidata.org/entity/Q827501,0306-07-26T00:00:00Z,http://www.wikidata.org/entity/Q958954,http://www.wikidata.org/entity/Q1001936,http://www.wikidata.org/entity/Q867859
http://www.wikidata.org/entity/Q131195,Constance Chlore,t2281048821,Valerius,,Flavii,masculin,0250-03-31T00:00:00Z,http://www.wikidata.org/entity/Q827501,0306-07-26T00:00:00Z,http://www.wikidata.org/entity/Q958954,http://www.wikidata.org/entity/Q1001936,http://www.wikidata.org/entity/Q867859
http://www.wikidata.org/entity/Q132473,Paulin de Nole,,,,,masculin,0354-01-01T00:00:00Z,http://www.wikidata.org/entity/Q1479,0431-06-23T00:00:00Z,http://www.wikidata.org/entity/Q72288,,
http://www.wikidata.org/entity/Q159798,Flavius Honorius,,Flavius,,Flavii,masculin,0384-09-09T00:00:00Z,http://www.wikidata.org/entity/Q16869,0423-08-15T00:00:00Z,http://www.wikidata.org/entity/Q13364,http://www.wikidata.org/entity/Q46696,http://www.wikidata.org/entity/Q235603
http://www.wikidata.org/entity/Q163432,Ménas,,,,,masculin,0285-01-01T00:00:00Z,http://www.wikidata.org/entity/Q5715,0303-01-01T00:00:00Z,http://www.wikidata.org/entity/Q32579,,
http://www.wikidata.org/entity/Q163432,Ménas,,,,,masculin,0285-01-01T00:00:00Z,http://www.wikidata.org/entity/Q5715,0309-01-01T00:00:00Z,http://www.wikidata.org/entity/Q32579,,
http://www.wikidata.org/entity/Q164210,Prisca,,,,,féminin,0300-01-01T00:00:00Z,,0315-01-01T00:00:00Z,http://www.wikidata.org/entity/Q17151,,
http://www.wikidata.org/entity/Q166731,Licinius II,t2274323857,Licinius,Licinianus,Licinii,masculin,0315-01-01T00:00:00Z,,0326-01-01T00:00:00Z,,http://www.wikidata.org/entity/Q184549,http://www.wikidata.org/entity/Q238023
http://www.wikidata.org/entity/Q166731,Licinius II,t2274323857,Valerius,Licinianus,Licinii,masculin,0315-01-01T00:00:00Z,,0326-01-01T00:00:00Z,,http://www.wikidata.org/entity/Q184549,http://www.wikidata.org/entity/Q238023
http://www.wikidata.org/entity/Q166731,Licinius II,t2274323857,Licinius,Licinianus,Valerii,masculin,0315-01-01T00:00:00Z,,0326-01-01T00:00:00Z,,http://www.wikidata.org/entity/Q184549,http://www.wikidata.org/entity/Q238023
http://www.wikidata.org/entity/Q166731,Licinius II,t2274323857,Valerius,Licinianus,Valerii,masculin,0315-01-01T00:00:00Z,,0326-01-01T00:00:00Z,,http://www.wikidata.org/entity/Q184549,http://www.wikidata.org/entity/Q238023
http://www.wikidata.org/entity/Q179718,Catherine d'Alexandrie,,,,,féminin,0282-01-01T00:00:00Z,http://www.wikidata.org/entity/Q87,0305-01-01T00:00:00Z,http://www.wikidata.org/entity/Q87,,
http://www.wikidata.org/entity/Q179718,Catherine d'Alexandrie,,,,,féminin,0287-01-01T00:00:00Z,http://www.wikidata.org/entity/Q87,0305-01-01T00:00:00Z,http://www.wikidata.org/entity/Q87,,
http://www.wikidata.org/entity/Q181983,Polemius Silvius,,,,,masculin,0350-01-01T00:00:00Z,,0500-01-01T00:00:00Z,,,
http://www.wikidata.org/entity/Q183452,Zénon,,,,,masculin,0425-01-01T00:00:00Z,http://www.wikidata.org/entity/Q189792,0491-01-01T00:00:00Z,http://www.wikidata.org/entity/Q16869,,
http://www.wikidata.org/entity/Q183452,Zénon,,,,,masculin,0425-01-01T00:00:00Z,http://www.wikidata.org/entity/Q189792,0491-04-10T00:00:00Z,http://www.wikidata.org/entity/Q16869,,
http://www.wikidata.org/entity/Q185476,Aetius,,Flavius,,Flavii,masculin,0390-01-01T00:00:00Z,http://www.wikidata.org/entity/Q182428,0454-09-21T00:00:00Z,http://www.wikidata.org/entity/Q13364,http://www.wikidata.org/entity/Q1439430,
http://www.wikidata.org/entity/Q185476,Aetius,,Flavius,,Flavii,masculin,0395-01-01T00:00:00Z,http://www.wikidata.org/entity/Q182428,0454-09-21T00:00:00Z,http://www.wikidata.org/entity/Q13364,http://www.wikidata.org/entity/Q1439430,
http://www.wikidata.org/entity/Q188232,Didyme l'Aveugle,,,,,masculin,0313-01-01T00:00:00Z,http://www.wikidata.org/entity/Q87,0398-01-01T00:00:00Z,http://www.wikidata.org/entity/Q87,,
http://www.wikidata.org/entity/Q189108,Gratien,,,,,masculin,0359-04-19T00:00:00Z,http://www.wikidata.org/entity/Q833060,0383-08-26T00:00:00Z,http://www.wikidata.org/entity/Q456,http://www.wikidata.org/entity/Q46720,http://www.wikidata.org/entity/Q1233341
http://www.wikidata.org/entity/Q190240,Cyprien de Carthage,,,,,masculin,0200-01-01T00:00:00Z,http://www.wikidata.org/entity/Q6343,0258-01-01T00:00:00Z,http://www.wikidata.org/entity/Q28151514,,
http://www.wikidata.org/entity/Q190240,Cyprien de Carthage,,,,,masculin,0200-01-01T00:00:00Z,http://www.wikidata.org/entity/Q6343,0258-09-14T00:00:00Z,http://www.wikidata.org/entity/Q28151514,,
http://www.wikidata.org/entity/Q191734,Grégoire de Nysse,,,,,masculin,0335-01-01T00:00:00Z,http://www.wikidata.org/entity/Q48338,0395-01-01T00:00:00Z,http://www.wikidata.org/entity/Q206879,http://www.wikidata.org/entity/Q1881976,http://www.wikidata.org/entity/Q2186180
http://www.wikidata.org/entity/Q191734,Grégoire de Nysse,,,,,masculin,0400-01-01T00:00:00Z,http://www.wikidata.org/entity/Q48338,0395-01-01T00:00:00Z,http://www.wikidata.org/entity/Q206879,http://www.wikidata.org/entity/Q1881976,http://www.wikidata.org/entity/Q2186180
http://www.wikidata.org/entity/Q191734,Grégoire de Nysse,,,,,masculin,0335-01-01T00:00:00Z,http://www.wikidata.org/entity/Q48338,0400-01-01T00:00:00Z,http://www.wikidata.org/entity/Q206879,http://www.wikidata.org/entity/Q1881976,http://www.wikidata.org/entity/Q2186180
http://www.wikidata.org/entity/Q191734,Grégoire de Nysse,,,,,masculin,0400-01-01T00:00:00Z,http://www.wikidata.org/entity/Q48338,0400-01-01T00:00:00Z,http://www.wikidata.org/entity/Q206879,http://www.wikidata.org/entity/Q1881976,http://www.wikidata.org/entity/Q2186180
http://www.wikidata.org/entity/Q191734,Grégoire de Nysse,,,,,masculin,0335-01-01T00:00:00Z,http://www.wikidata.org/entity/Q48338,t2257479106,http://www.wikidata.org/entity/Q206879,http://www.wikidata.org/entity/Q1881976,http://www.wikidata.org/entity/Q2186180
http://www.wikidata.org/entity/Q191734,Grégoire de Nysse,,,,,masculin,0400-01-01T00:00:00Z,http://www.wikidata.org/entity/Q48338,t2257479106,http://www.wikidata.org/entity/Q206879,http://www.wikidata.org/entity/Q1881976,http://www.wikidata.org/entity/Q2186180
http://www.wikidata.org/entity/Q191940,Pétrone Maxime,,Petronius,,Petronii,masculin,0396-01-01T00:00:00Z,http://www.wikidata.org/entity/Q220,0455-01-01T00:00:00Z,http://www.wikidata.org/entity/Q220,http://www.wikidata.org/entity/Q723472,
http://www.wikidata.org/entity/Q193056,Basiliscus,,,,,masculin,0500-01-01T00:00:00Z,,0476-01-01T00:00:00Z,http://www.wikidata.org/entity/Q217265,,
http://www.wikidata.org/entity/Q193678,Flavius Anicius Olybrius,,Anicius,,Anicii,masculin,0500-01-01T00:00:00Z,http://www.wikidata.org/entity/Q220,0472-10-24T00:00:00Z,,http://www.wikidata.org/entity/Q4764503,
http://www.wikidata.org/entity/Q203198,Eparchus Avitus,Marcus,,Avitus,,masculin,0395-01-01T00:00:00Z,http://www.wikidata.org/entity/Q42168,0457-01-01T00:00:00Z,,http://www.wikidata.org/entity/Q2271381,
http://www.wikidata.org/entity/Q203636,Stilicon,,Flavius,,Flavii,masculin,0359-01-01T00:00:00Z,http://www.wikidata.org/entity/Q16869,0408-08-22T00:00:00Z,http://www.wikidata.org/entity/Q13364,,
http://www.wikidata.org/entity/Q209793,Constantin III,,,,,masculin,0400-01-01T00:00:00Z,,0411-08-01T00:00:00Z,http://www.wikidata.org/entity/Q13364,,
http://www.wikidata.org/entity/Q209793,Constantin III,,,,,masculin,0400-01-01T00:00:00Z,,0411-09-01T00:00:00Z,http://www.wikidata.org/entity/Q13364,,
http://www.wikidata.org/entity/Q211396,Magnus Maximus,,,,,masculin,0335-01-01T00:00:00Z,http://www.wikidata.org/entity/Q186513,0388-08-28T00:00:00Z,http://www.wikidata.org/entity/Q53216,,
http://www.wikidata.org/entity/Q211396,Magnus Maximus,,,,,masculin,0335-01-01T00:00:00Z,http://www.wikidata.org/entity/Q186513,0388-08-29T00:00:00Z,http://www.wikidata.org/entity/Q53216,,
http://www.wikidata.org/entity/Q211772,Anthémius,,,,,masculin,0420-01-01T00:00:00Z,http://www.wikidata.org/entity/Q16869,0472-07-12T00:00:00Z,http://www.wikidata.org/entity/Q220,http://www.wikidata.org/entity/Q3655796,
http://www.wikidata.org/entity/Q212876,Magnence,,,,,masculin,0303-01-01T00:00:00Z,http://www.wikidata.org/entity/Q41604,0353-08-12T00:00:00Z,http://www.wikidata.org/entity/Q456,,
http://www.wikidata.org/entity/Q234562,Galeria Valeria,,Valeria,,Valerii,féminin,0266-01-01T00:00:00Z,,0315-01-01T00:00:00Z,http://www.wikidata.org/entity/Q17151,http://www.wikidata.org/entity/Q43107,http://www.wikidata.org/entity/Q164210
http://www.wikidata.org/entity/Q234593,Ausone,Decimus,,,,masculin,0310-01-01T00:00:00Z,http://www.wikidata.org/entity/Q1479,0395-01-01T00:00:00Z,http://www.wikidata.org/entity/Q207154,http://www.wikidata.org/entity/Q11929360,
http://www.wikidata.org/entity/Q237583,Marie l'Égyptienne,,Maria,,Marii,féminin,0344-01-01T00:00:00Z,http://www.wikidata.org/entity/Q87,0421-01-01T00:00:00Z,http://www.wikidata.org/entity/Q23792,,
http://www.wikidata.org/entity/Q237907,Galla Placidia,,Aelia,,Aelii,féminin,0388-01-01T00:00:00Z,http://www.wikidata.org/entity/Q17151,0450-11-27T00:00:00Z,http://www.wikidata.org/entity/Q220,http://www.wikidata.org/entity/Q46696,http://www.wikidata.org/entity/Q236999
http://www.wikidata.org/entity/Q239081,Macrine la Jeune,,,,,féminin,0324-01-01T00:00:00Z,http://www.wikidata.org/entity/Q48338,0379-01-01T00:00:00Z,http://www.wikidata.org/entity/Q170532,,http://www.wikidata.org/entity/Q2186180
http://www.wikidata.org/entity/Q239081,Macrine la Jeune,,,,,féminin,0327-01-01T00:00:00Z,http://www.wikidata.org/entity/Q48338,0379-01-01T00:00:00Z,http://www.wikidata.org/entity/Q170532,,http://www.wikidata.org/entity/Q2186180
http://www.wikidata.org/entity/Q242457,Julia Aquilia Severa,,Aquillia,Severa,Aquillii,féminin,0150-01-01T00:00:00Z,,,,,
http://www.wikidata.org/entity/Q252841,Seleucus,Marcus,,,,masculin,0200-01-01T00:00:00Z,,0300-01-01T00:00:00Z,,,
http://www.wikidata.org/entity/Q256015,Julia Paula,,Cornelia,Paulla,Julii,féminin,,http://www.wikidata.org/entity/Q207118,,,,
http://www.wikidata.org/entity/Q256015,Julia Paula,,Julia,Paulla,Julii,féminin,,http://www.wikidata.org/entity/Q207118,,,,
http://www.wikidata.org/entity/Q263970,Macrine l'Ancienne,,,,,féminin,0260-01-01T00:00:00Z,http://www.wikidata.org/entity/Q48338,0340-01-01T00:00:00Z,,,
http://www.wikidata.org/entity/Q272630,Albia Dominica,,Albia,,Albii,féminin,0337-01-01T00:00:00Z,,,,http://www.wikidata.org/entity/Q3901083,
http://www.wikidata.org/entity/Q272987,Suzanne de Rome,,,,,féminin,0280-01-01T00:00:00Z,http://www.wikidata.org/entity/Q220,0295-01-01T00:00:00Z,http://www.wikidata.org/entity/Q220,,
http://www.wikidata.org/entity/Q273627,Eusébie,,,,,féminin,0400-01-01T00:00:00Z,http://www.wikidata.org/entity/Q17151,0360-01-01T00:00:00Z,http://www.wikidata.org/entity/Q17151,http://www.wikidata.org/entity/Q715508,
http://www.wikidata.org/entity/Q282157,Marcus Nummius Umbrius Primus Senecio Albinus,Marcus,Nummius,Albinus,Nummii,masculin,0200-01-01T00:00:00Z,,0300-01-01T00:00:00Z,,,
http://www.wikidata.org/entity/Q282157,Marcus Nummius Umbrius Primus Senecio Albinus,Marcus,Umbrius,Albinus,Nummii,masculin,0200-01-01T00:00:00Z,,0300-01-01T00:00:00Z,,,
http://www.wikidata.org/entity/Q282157,Marcus Nummius Umbrius Primus Senecio Albinus,Marcus,Nummius,Senecio,Nummii,masculin,0200-01-01T00:00:00Z,,0300-01-01T00:00:00Z,,,
http://www.wikidata.org/entity/Q282157,Marcus Nummius Umbrius Primus Senecio Albinus,Marcus,Umbrius,Senecio,Nummii,masculin,0200-01-01T00:00:00Z,,0300-01-01T00:00:00Z,,,
http://www.wikidata.org/entity/Q282157,Marcus Nummius Umbrius Primus Senecio Albinus,Marcus,Nummius,Albinus,Umbrii,masculin,0200-01-01T00:00:00Z,,0300-01-01T00:00:00Z,,,
http://www.wikidata.org/entity/Q282157,Marcus Nummius Umbrius Primus Senecio Albinus,Marcus,Umbrius,Albinus,Umbrii,masculin,0200-01-01T00:00:00Z,,0300-01-01T00:00:00Z,,,
http://www.wikidata.org/entity/Q282157,Marcus Nummius Umbrius Primus Senecio Albinus,Marcus,Nummius,Senecio,Umbrii,masculin,0200-01-01T00:00:00Z,,0300-01-01T00:00:00Z,,,
http://www.wikidata.org/entity/Q282157,Marcus Nummius Umbrius Primus Senecio Albinus,Marcus,Umbrius,Senecio,Umbrii,masculin,0200-01-01T00:00:00Z,,0300-01-01T00:00:00Z,,,
http://www.wikidata.org/entity/Q309847,Jean,,,,,masculin,0400-01-01T00:00:00Z,,0425-05-01T00:00:00Z,http://www.wikidata.org/entity/Q53216,,
http://www.wikidata.org/entity/Q310633,Démétrios de Thessalonique,,,,,masculin,0300-01-01T00:00:00Z,http://www.wikidata.org/entity/Q17151,0306-01-01T00:00:00Z,http://www.wikidata.org/entity/Q17151,,
http://www.wikidata.org/entity/Q311646,Crispus,,Julius,Crispus,Flavii,masculin,0303-01-01T00:00:00Z,http://www.wikidata.org/entity/Q4656,0326-01-01T00:00:00Z,http://www.wikidata.org/entity/Q4656,http://www.wikidata.org/entity/Q8413,http://www.wikidata.org/entity/Q45522
http://www.wikidata.org/entity/Q311646,Crispus,,Flavius,Crispus,Flavii,masculin,0303-01-01T00:00:00Z,http://www.wikidata.org/entity/Q4656,0326-01-01T00:00:00Z,http://www.wikidata.org/entity/Q4656,http://www.wikidata.org/entity/Q8413,http://www.wikidata.org/entity/Q45522
http://www.wikidata.org/entity/Q313058,Eugène,,,,,masculin,0345-01-01T00:00:00Z,,0394-09-06T00:00:00Z,http://www.wikidata.org/entity/Q836944,,
http://www.wikidata.org/entity/Q313934,Macrobe,,,,,masculin,0370-01-01T00:00:00Z,http://www.wikidata.org/entity/Q27155,0430-01-01T00:00:00Z,,,
http://www.wikidata.org/entity/Q322054,Ablabius Illustris,t2256390046,t2256390052,,t2256390048,masculin,0400-01-01T00:00:00Z,http://www.wikidata.org/entity/Q26847,0500-01-01T00:00:00Z,t2256390049,,
http://www.wikidata.org/entity/Q335990,Abundantius,t2256435699,t2256435700,,t2256435704,masculin,0400-01-01T00:00:00Z,http://www.wikidata.org/entity/Q1196595,0500-01-01T00:00:00Z,,,
http://www.wikidata.org/entity/Q339398,Caius Valerius Pudens,Caius,Valerius,Pudens,Valerii,masculin,0200-01-01T00:00:00Z,http://www.wikidata.org/entity/Q457362,0300-01-01T00:00:00Z,,,
http://www.wikidata.org/entity/Q343826,Tiberius Pollenius Armenius Peregrinus,Tiberius,,,,masculin,0200-01-01T00:00:00Z,,0300-01-01T00:00:00Z,,,
http://www.wikidata.org/entity/Q343834,Quintus Tineius Sacerdos,Quintus,Tineius,,Tineii,masculin,0200-01-01T00:00:00Z,,0300-01-01T00:00:00Z,,http://www.wikidata.org/entity/Q343774,
http://www.wikidata.org/entity/Q346136,Agapitus,,Flavius,,Flavii,masculin,0600-01-01T00:00:00Z,,,,,
http://www.wikidata.org/entity/Q348408,Martianus Capella,t2256442309,t2256442306,Capella,t2256442308,masculin,0360-01-01T00:00:00Z,http://www.wikidata.org/entity/Q54205,0428-01-01T00:00:00Z,,,
http://www.wikidata.org/entity/Q348408,Martianus Capella,t2256442309,t2256442306,Felix,t2256442308,masculin,0360-01-01T00:00:00Z,http://www.wikidata.org/entity/Q54205,0428-01-01T00:00:00Z,,,
http://www.wikidata.org/entity/Q98059771,Q98059771,,,,,,,,,,,
http://www.wikidata.org/entity/Q98059772,Q98059772,,,,,,,,,,,
http://www.wikidata.org/entity/Q98059773,Q98059773,,,,,,,,,,,
http://www.wikidata.org/entity/Q98059775,Q98059775,,,,,,,,,,,
http://www.wikidata.org/entity/Q98059778,Q98059778,,,,,,,,,,,
http://www.wikidata.org/entity/Q98059779,Q98059779,,,,,,,,,,,
http://www.wikidata.org/entity/Q98059782,Q98059782,,,,,,,,,,,
http://www.wikidata.org/entity/Q98059784,Q98059784,,,,,,,,,,,
http://www.wikidata.org/entity/Q98059786,Q98059786,,,,,,,,,,,
http://www.wikidata.org/entity/Q98059788,Q98059788,,,,,,,,,,,
http://www.wikidata.org/entity/Q98059798,Q98059798,,,,,,,,,,,
http://www.wikidata.org/entity/Q98059800,Q98059800,,,,,,,,,,,
http://www.wikidata.org/entity/Q98059803,Q98059803,,,,,,,,,,,
http://www.wikidata.org/entity/Q98059810,Q98059810,,,,,,,,,,,
http://www.wikidata.org/entity/Q98059823,Q98059823,,,,,,,,,,,
http://www.wikidata.org/entity/Q98059824,Q98059824,,,,,,,,,,,
http://www.wikidata.org/entity/Q98059827,Q98059827,,,,,,,,,,,
http://www.wikidata.org/entity/Q98059829,Q98059829,,,,,,,,,,,
http://www.wikidata.org/entity/Q98059830,Q98059830,,,,,,,,,,,
http://www.wikidata.org/entity/Q98059831,Q98059831,,,,,,,,,,,
http://www.wikidata.org/entity/Q98059838,Q98059838,,,,,,,,,,,
http://www.wikidata.org/entity/Q98059841,Q98059841,,,,,,,,,,,
http://www.wikidata.org/entity/Q98059845,Q98059845,,,,,,,,,,,
http://www.wikidata.org/entity/Q98059846,Q98059846,,,,,,,,,,,
http://www.wikidata.org/entity/Q98059849,Q98059849,,,,,,,,,,,
http://www.wikidata.org/entity/Q98059853,Q98059853,,,,,,,,,,,
http://www.wikidata.org/entity/Q98059854,Q98059854,,,,,,,,,,,
http://www.wikidata.org/entity/Q98059855,Q98059855,,,,,,,,,,,
http://www.wikidata.org/entity/Q98059857,Q98059857,,,,,,,,,,,
http://www.wikidata.org/entity/Q98059858,Q98059858,,,,,,,,,,,
http://www.wikidata.org/entity/Q98059864,Q98059864,,,,,,,,,,,
http://www.wikidata.org/entity/Q98059865,Q98059865,,,,,,,,,,,
http://www.wikidata.org/entity/Q98059869,Q98059869,,,,,,,,,,,
http://www.wikidata.org/entity/Q98059883,Q98059883,,,,,,,,,,,
http://www.wikidata.org/entity/Q98059885,Q98059885,,,,,,,,,,,
http://www.wikidata.org/entity/Q98059888,Q98059888,,,,,,,,,,,
http://www.wikidata.org/entity/Q98059889,Q98059889,,,,,,,,,,,
http://www.wikidata.org/entity/Q98059891,Q98059891,,,,,,,,,,,
http://www.wikidata.org/entity/Q98059892,Q98059892,,,,,,,,,,,
http://www.wikidata.org/entity/Q98059897,Q98059897,,,,,,,,,,,
http://www.wikidata.org/entity/Q98209187,Q98209187,,,,,,,,,,,
http://www.wikidata.org/entity/Q99482368,Audentius,,,,,,,,,,,
http://www.wikidata.org/entity/Q100903271,Julia Dryadia,,,,,féminin,,,,,http://www.wikidata.org/entity/Q11929360,
http://www.wikidata.org/entity/Q100905428,Aemilia Melania,,,,,féminin,,,,,http://www.wikidata.org/entity/Q11929360,
http://www.wikidata.org/entity/Q104245526,Theoclius Historicus,,,,,masculin,,,,,,
http://www.wikidata.org/entity/Q607934,Afranius Hannibalianus,,Afranius,,Afranii,masculin,0251-01-01T00:00:00Z,,,http://www.wikidata.org/entity/Q220,,
http://www.wikidata.org/entity/Q629922,Arbitio,,Flavius,,Flavii,masculin,0330-01-01T00:00:00Z,,,,,
http://www.wikidata.org/entity/Q632253,Marcus Annius Flavius Libo,Marcus,Flavius,,Flavii,masculin,0200-01-01T00:00:00Z,,0300-01-01T00:00:00Z,,,
http://www.wikidata.org/entity/Q636404,Flavius Sallustius Bonosus,,Flavius,,Flavii,masculin,0300-01-01T00:00:00Z,,0400-01-01T00:00:00Z,,,
http://www.wikidata.org/entity/Q636759,Flavius Salia,,Flavius,,Flavii,masculin,0300-01-01T00:00:00Z,,,,,
http://www.wikidata.org/entity/Q2280783,Anicius Petronius Probus,t1944444085,Petronius,Probus,Anicii,masculin,0350-01-01T00:00:00Z,,,,http://www.wikidata.org/entity/Q1542092,http://www.wikidata.org/entity/Q1154373
http://www.wikidata.org/entity/Q2280783,Anicius Petronius Probus,t1944444085,Petronius,Probus,Petronii,masculin,0350-01-01T00:00:00Z,,,,http://www.wikidata.org/entity/Q1542092,http://www.wikidata.org/entity/Q1154373
http://www.wikidata.org/entity/Q2293889,Tranquilline,,Furia,,Furii,féminin,0225-01-01T00:00:00Z,,t2260685275,,http://www.wikidata.org/entity/Q534464,
http://www.wikidata.org/entity/Q2329031,Valerius,,Valerius,,Valerii,masculin,0450-01-01T00:00:00Z,http://www.wikidata.org/entity/Q1524,,,,
http://www.wikidata.org/entity/Q2489389,Abundantius,t2264816619,t2264816616,,t2264816624,masculin,0300-01-01T00:00:00Z,t2264816623,0304-01-01T00:00:00Z,http://www.wikidata.org/entity/Q374149,,
http://www.wikidata.org/entity/Q2521589,Metius Falconius Nicomachus,t2261225066,Mettius,Nicomachus,,masculin,,,,,,
http://www.wikidata.org/entity/Q553653,Valère de Trèves,,Valerius,,Valerii,masculin,0300-01-01T00:00:00Z,,0320-01-01T00:00:00Z,http://www.wikidata.org/entity/Q3138,,
http://www.wikidata.org/entity/Q562376,Sebastianus,,,,,masculin,0400-01-01T00:00:00Z,,0413-01-01T00:00:00Z,http://www.wikidata.org/entity/Q6555,,
http://www.wikidata.org/entity/Q583862,Crispine de Thagare,,,,,féminin,0300-01-01T00:00:00Z,http://www.wikidata.org/entity/Q1231079,0304-12-06T00:00:00Z,http://www.wikidata.org/entity/Q12220954,,
http://www.wikidata.org/entity/Q2198014,Sigisvultus,,,,,masculin,0400-01-01T00:00:00Z,,,,,
http://www.wikidata.org/entity/Q2210015,Sabinianus,t2267838834,t2267838832,Sabinianus,t2267838835,masculin,0300-01-01T00:00:00Z,,,,,
http://www.wikidata.org/entity/Q2271381,Agricola,,Flavius,Agricola,Flavii,masculin,0365-01-01T00:00:00Z,,0421-01-01T00:00:00Z,,http://www.wikidata.org/entity/Q5382055,
http://www.wikidata.org/entity/Q2280783,Anicius Petronius Probus,t1944444085,Anicius,Probus,Anicii,masculin,0350-01-01T00:00:00Z,,,,http://www.wikidata.org/entity/Q1542092,http://www.wikidata.org/entity/Q1154373
http://www.wikidata.org/entity/Q2280783,Anicius Petronius Probus,t1944444085,Anicius,Probus,Petronii,masculin,0350-01-01T00:00:00Z,,,,http://www.wikidata.org/entity/Q1542092,http://www.wikidata.org/entity/Q1154373
http://www.wikidata.org/entity/Q98059658,Q98059658,,,,,,,,,,,
http://www.wikidata.org/entity/Q98059683,Q98059683,,,,,,,,,,,
http://www.wikidata.org/entity/Q98059726,Q98059726,,,,,,,,,,,
http://www.wikidata.org/entity/Q98059727,Q98059727,,,,,,,,,,,
http://www.wikidata.org/entity/Q98059728,Q98059728,,,,,,,,,,,
http://www.wikidata.org/entity/Q98059734,Q98059734,,,,,,,,,,,
http://www.wikidata.org/entity/Q98059763,Q98059763,,,,,,,,,,,
http://www.wikidata.org/entity/Q98059764,Q98059764,,,,,,,,,,,
http://www.wikidata.org/entity/Q98059767,Q98059767,,,,,,,,,,,
http://www.wikidata.org/entity/Q98059769,Q98059769,,,,,,,,,,,
http://www.wikidata.org/entity/Q98059770,Q98059770,,,,,,,,,,,
http://www.wikidata.org/entity/Q519483,Bauto,,Flavius,,Flavii,masculin,0400-01-01T00:00:00Z,,0388-01-01T00:00:00Z,,,
http://www.wikidata.org/entity/Q519513,Marcel d'Ancyre,,,,,masculin,0285-01-01T00:00:00Z,,0374-01-01T00:00:00Z,,,
http://www.wikidata.org/entity/Q531017,Rufius Petronianus Nicomachus Cethegus,,,,,masculin,0450-01-01T00:00:00Z,,,,,
http://www.wikidata.org/entity/Q537421,Publius Septimius Geta,Publius,Septimius,,Septimii,masculin,0200-01-01T00:00:00Z,http://www.wikidata.org/entity/Q191504,0300-01-01T00:00:00Z,,http://www.wikidata.org/entity/Q1236655,http://www.wikidata.org/entity/Q12297788
http://www.wikidata.org/entity/Q541861,Vettius Agorius Praetextatus,,Vettius,,Vettii,masculin,0320-01-01T00:00:00Z,http://www.wikidata.org/entity/Q220,0384-01-01T00:00:00Z,http://www.wikidata.org/entity/Q220,,
http://www.wikidata.org/entity/Q544327,Victoire de Cordoue,,,,,féminin,0300-01-01T00:00:00Z,http://www.wikidata.org/entity/Q5818,0303-11-17T00:00:00Z,http://www.wikidata.org/entity/Q5818,,
http://www.wikidata.org/entity/Q545268,Gaius Junius Tiberianus,Caius,Junius,,Junii,masculin,0300-01-01T00:00:00Z,,,,,
http://www.wikidata.org/entity/Q548997,Aradius Rufinus,,,,,masculin,0300-01-01T00:00:00Z,,0400-01-01T00:00:00Z,,,
http://www.wikidata.org/entity/Q65088091,rempart de Saintes,,,,,,,,,,,
http://www.wikidata.org/entity/Q84512488,Quintus Antonius Granius Erasinus,,,,,,,,,,,
http://www.wikidata.org/entity/Q84518843,Aurelia Marcellina,,Aurelia,Marcellina,t797815429,féminin,,,,,,
http://www.wikidata.org/entity/Q84558478,Quintus Attius Granius Caelestinus,,,,,,,,,,,
http://www.wikidata.org/entity/Q85973038,Pomponia of Abitina,,,,,féminin,,,,,,
http://www.wikidata.org/entity/Q98058308,Q98058308,,,,,,,,,,,
http://www.wikidata.org/entity/Q387986,Saint Domnius,,,,,masculin,0300-01-01T00:00:00Z,http://www.wikidata.org/entity/Q200441,0304-01-01T00:00:00Z,http://www.wikidata.org/entity/Q642828,,
http://www.wikidata.org/entity/Q442516,Germain d'Auxerre,,,,,masculin,0378-01-01T00:00:00Z,http://www.wikidata.org/entity/Q167600,0448-08-01T00:00:00Z,http://www.wikidata.org/entity/Q13364,,
http://www.wikidata.org/entity/Q443147,Valérius Romulus,Marcus,Valerius,,Valerii,masculin,0294-01-01T00:00:00Z,,0309-01-01T00:00:00Z,,http://www.wikidata.org/entity/Q182070,http://www.wikidata.org/entity/Q45535
http://www.wikidata.org/entity/Q450702,Flavius Julius Constantius,,Julius,,Julii,masculin,0289-01-01T00:00:00Z,,0337-01-01T00:00:00Z,http://www.wikidata.org/entity/Q16869,http://www.wikidata.org/entity/Q131195,http://www.wikidata.org/entity/Q232094
http://www.wikidata.org/entity/Q459845,Magnus Décentius,,,,,masculin,0300-01-01T00:00:00Z,http://www.wikidata.org/entity/Q41604,0353-08-19T00:00:00Z,http://www.wikidata.org/entity/Q212420,,
http://www.wikidata.org/entity/Q469978,Dévote,,,,,féminin,0283-01-01T00:00:00Z,http://www.wikidata.org/entity/Q677911,0304-01-01T00:00:00Z,http://www.wikidata.org/entity/Q507251,,
http://www.wikidata.org/entity/Q504556,Flavius Dalmatius,,Julius,,Julii,masculin,0350-01-01T00:00:00Z,,0337-01-01T00:00:00Z,,http://www.wikidata.org/entity/Q131195,http://www.wikidata.org/entity/Q232094
http://www.wikidata.org/entity/Q27924488,Aelia Sabina,,Aelia,Sabina,Aelii,féminin,0250-01-01T00:00:00Z,,,http://www.wikidata.org/entity/Q623345,,
http://www.wikidata.org/entity/Q29321222,sarcophage des miracles du Christ (Arles MD2A),,,,,,,,,,,
http://www.wikidata.org/entity/Q29321249,sarcophage à deux registres décoré de scènes avec son couvercle (Arles MD2A),,,,,,,,,,,
http://www.wikidata.org/entity/Q29525002,Flavius Albinus junior,,,,,masculin,0450-01-01T00:00:00Z,,,,,
http://www.wikidata.org/entity/Q29526505,Secundianus of Singidunum,,,,,masculin,,,,,,
http://www.wikidata.org/entity/Q30938530,Fortunatianus Servilius,,,,,masculin,,,,,,
http://www.wikidata.org/entity/Q41765565,église Saint-Romain de Saint-Romain-de-Jalionas,,,,,,,,,,,
http://www.wikidata.org/entity/Q46512139,Saint Aquila,,,,,masculin,,,,,,
http://www.wikidata.org/entity/Q48872359,Marsa,,,,,féminin,,,,,,
http://www.wikidata.org/entity/Q48890533,Bassiana,,,,,féminin,0364-01-01T00:00:00Z,,,,http://www.wikidata.org/entity/Q25443401,http://www.wikidata.org/entity/Q25443395
http://www.wikidata.org/entity/Q56042469,crypte archéologique de Notre Dame du Bourg,,,,,,,,,,,
http://www.wikidata.org/entity/Q56349800,Acilius Severus,t2091932201,Acilius,Severus,Acilii,masculin,t2091932224,t2091932228,0400-01-01T00:00:00Z,t2091932227,,
http://www.wikidata.org/entity/Q56350374,Clodius Celsinus,t2260709123,Clodius,Celsinus,Claudii,masculin,,,,,,
http://www.wikidata.org/entity/Q56350400,Arrius Maecius Gracchus,t1283497148,Arrius,Gracchus,Arrii,masculin,,,,,,
http://www.wikidata.org/entity/Q56350400,Arrius Maecius Gracchus,t1283497148,Maecius,Gracchus,Arrii,masculin,,,,,,
http://www.wikidata.org/entity/Q56350400,Arrius Maecius Gracchus,t1283497148,Arrius,Gracchus,Maecii,masculin,,,,,,
http://www.wikidata.org/entity/Q56350400,Arrius Maecius Gracchus,t1283497148,Maecius,Gracchus,Maecii,masculin,,,,,,
http://www.wikidata.org/entity/Q60842231,Cittinus Aurelianus Quintilius Stultus,,,,,masculin,0390-01-01T00:00:00Z,,0427-01-01T00:00:00Z,,,
http://www.wikidata.org/entity/Q1542092,Sextus Claudius Petronius Probus,Sextus,Claudius,Probus,Petronii,masculin,0328-01-01T00:00:00Z,http://www.wikidata.org/entity/Q2028,0388-01-01T00:00:00Z,http://www.wikidata.org/entity/Q17151,http://www.wikidata.org/entity/Q1219455,
http://www.wikidata.org/entity/Q1542092,Sextus Claudius Petronius Probus,Sextus,Petronius,Probus,Petronii,masculin,0328-01-01T00:00:00Z,http://www.wikidata.org/entity/Q2028,0388-01-01T00:00:00Z,http://www.wikidata.org/entity/Q17151,http://www.wikidata.org/entity/Q1219455,
http://www.wikidata.org/entity/Q1542110,Taurus,,Flavius,,Flavii,masculin,0350-01-01T00:00:00Z,,,,,
http://www.wikidata.org/entity/Q25422963,Severus Censor Julianus,,,,,masculin,,,,,,
http://www.wikidata.org/entity/Q25443395,Prisca,,,,,féminin,,,,,http://www.wikidata.org/entity/Q3723654,
http://www.wikidata.org/entity/Q25443401,Bassianus,,,,,masculin,,,,,,
http://www.wikidata.org/entity/Q384117,Aignan d'Orléans,,,,,masculin,0358-01-01T00:00:00Z,http://www.wikidata.org/entity/Q26849,0453-11-17T00:00:00Z,http://www.wikidata.org/entity/Q6548,,
http://www.wikidata.org/entity/Q1605274,Quintus Aurelius Symmachus,Quintus,Aurelius,,Aurelii,masculin,0450-01-01T00:00:00Z,,,,http://www.wikidata.org/entity/Q1454825,
http://www.wikidata.org/entity/Q1664321,Inportunus,,Flavius,,Flavii,masculin,0450-01-01T00:00:00Z,,,,,
http://www.wikidata.org/entity/Q1823590,Licinius Rufinus,t2217987871,Licinius,,Licinii,masculin,0185-01-01T00:00:00Z,,0300-01-01T00:00:00Z,,,
http://www.wikidata.org/entity/Q1873540,Lucius Arruntius,Lucius,Arruntius,,Arruntii,masculin,,,,,,
http://www.wikidata.org/entity/Q1881976,Basile l'Ancien,,,,,masculin,0300-01-01T00:00:00Z,,0350-01-01T00:00:00Z,,,http://www.wikidata.org/entity/Q263970
http://www.wikidata.org/entity/Q1894109,Marcus Caelius Faustinus,Marcus,Caelius,,Caelii,masculin,0150-01-01T00:00:00Z,,0300-01-01T00:00:00Z,,,
http://www.wikidata.org/entity/Q1912655,Ferréol,,,,,masculin,0485-01-01T00:00:00Z,,,,http://www.wikidata.org/entity/Q1258692,
http://www.wikidata.org/entity/Q2177854,Rutilius Pudens Crispinus,t1404794008,Rutilius,Crispinus,Rutilii,masculin,0150-01-01T00:00:00Z,,0300-01-01T00:00:00Z,,,
http://www.wikidata.org/entity/Q2177854,Rutilius Pudens Crispinus,t1404794008,Rutilius,Pudens,Rutilii,masculin,0150-01-01T00:00:00Z,,0300-01-01T00:00:00Z,,,
http://www.wikidata.org/entity/Q2186180,Emmélie,,,,,féminin,0350-01-01T00:00:00Z,http://www.wikidata.org/entity/Q48338,0375-01-01T00:00:00Z,http://www.wikidata.org/entity/Q48338,,
http://www.wikidata.org/entity/Q1427526,Strategius Apion,,Appius,,Appii,masculin,0500-01-01T00:00:00Z,,0570-01-01T00:00:00Z,,,
http://www.wikidata.org/entity/Q1454825,Quintus Fabius Memmius Symmachus,Quintus,Memmius,,Memmii,masculin,0350-01-01T00:00:00Z,,,,http://www.wikidata.org/entity/Q355720,http://www.wikidata.org/entity/Q12292735
http://www.wikidata.org/entity/Q1542092,Sextus Claudius Petronius Probus,Sextus,Claudius,Probus,Claudii,masculin,0328-01-01T00:00:00Z,http://www.wikidata.org/entity/Q2028,0388-01-01T00:00:00Z,http://www.wikidata.org/entity/Q17151,http://www.wikidata.org/entity/Q1219455,
http://www.wikidata.org/entity/Q1542092,Sextus Claudius Petronius Probus,Sextus,Petronius,Probus,Claudii,masculin,0328-01-01T00:00:00Z,http://www.wikidata.org/entity/Q2028,0388-01-01T00:00:00Z,http://www.wikidata.org/entity/Q17151,http://www.wikidata.org/entity/Q1219455,
http://www.wikidata.org/entity/Q348515,Sextus Catius Clementinus Priscillianus,Sextus,Catius,,Catii,masculin,0200-01-01T00:00:00Z,,0300-01-01T00:00:00Z,,,
http://www.wikidata.org/entity/Q348570,Eutolmius Tatianus,,Flavius,,Flavii,masculin,0350-01-01T00:00:00Z,http://www.wikidata.org/entity/Q2282045,,,,
http://www.wikidata.org/entity/Q355720,Quintus Aurelius Symmaque,Quintus,Aurelius,,Aurelii,masculin,0340-01-01T00:00:00Z,http://www.wikidata.org/entity/Q220,0402-01-01T00:00:00Z,,http://www.wikidata.org/entity/Q936716,
http://www.wikidata.org/entity/Q361276,Aspar,,,,,masculin,0400-01-01T00:00:00Z,,0471-01-01T00:00:00Z,http://www.wikidata.org/entity/Q16869,http://www.wikidata.org/entity/Q1291252,
http://www.wikidata.org/entity/Q363482,Flavius Rufinus,,Flavius,,Flavii,masculin,0335-01-01T00:00:00Z,http://www.wikidata.org/entity/Q715376,0395-11-28T00:00:00Z,http://www.wikidata.org/entity/Q16869,,
http://www.wikidata.org/entity/Q364171,Jovin,,,,,masculin,0400-01-01T00:00:00Z,,0413-01-01T00:00:00Z,http://www.wikidata.org/entity/Q6555,,
http://www.wikidata.org/entity/Q365927,Pierre d'Alexandrie,,,,,masculin,0300-01-01T00:00:00Z,http://www.wikidata.org/entity/Q87,0311-11-26T00:00:00Z,http://www.wikidata.org/entity/Q87,,
http://www.wikidata.org/entity/Q369691,Sainte Ursule,,,,,féminin,0400-01-01T00:00:00Z,http://www.wikidata.org/entity/Q23148,0383-01-01T00:00:00Z,http://www.wikidata.org/entity/Q365,,
http://www.wikidata.org/entity/Q371999,Flavius Eutropius,,Flavius,,Flavii,masculin,0400-01-01T00:00:00Z,http://www.wikidata.org/entity/Q83891,0399-01-01T00:00:00Z,http://www.wikidata.org/entity/Q16869,,
http://www.wikidata.org/entity/Q383304,Afinia Gemina Baebiana,,,,,féminin,0250-01-01T00:00:00Z,,0300-01-01T00:00:00Z,,,
